date,open,high,low,close,volume
2015-01-02,51.7873,52.1017,51.2443,51.692,11139757
2015-01-05,51.3586,51.4062,49.8534,50.063,20945436
2015-01-06,50.1868,50.2726,48.1386,48.3005,31989329
2015-01-07,49.0722,49.1103,48.2195,48.7483,27890770
2015-01-08,49.3199,49.6152,49.0627,49.4818,17470338
2015-01-09,49.701,49.7676,48.3672,48.3767,20180176
2015-01-12,48.4148,48.5006,47.6622,47.9957,22725831
2015-01-13,48.2624,48.8054,47.2621,47.6527,23201793
2015-01-14,46.6429,46.7762,45.5092,46.7286,44630812
2015-01-15,45.7855,45.9569,44.6899,44.9947,48799351
2015-01-16,44.4898,45.433,44.3946,45.3568,32306956
2015-01-20,45.7093,45.7283,44.9185,45.0233,25569191
2015-01-21,45.1281,45.9474,44.9185,45.4806,22873308
2015-01-22,45.976,47.3955,45.6616,47.224,29652588
2015-01-23,47.1478,47.405,46.3047,46.319,18984656
2015-01-26,46.1856,46.7096,46.1189,46.5762,13817464
2015-01-27,45.7664,46.3475,45.5092,46.0236,16401197
2015-01-28,46.0808,46.2142,44.8804,44.8804,26065266
2015-01-29,44.8518,45.5284,44.6184,45.3759,19865726
2015-01-30,44.8709,45.4807,44.6898,44.7375,23729785
2015-02-02,44.9757,45.5188,44.6898,45.4712,19178244
2015-02-03,46.1763,46.9005,46.0715,46.5765,25221080
2015-02-04,46.2811,46.6909,46.0239,46.1192,19581789
2015-02-05,46.4431,46.6909,45.9476,46.2526,15481918
2015-02-06,47.072,47.5961,46.7481,46.8243,25881521
2015-02-09,46.5575,47.1768,46.1573,46.891,16364922
2015-02-10,47.6438,47.7009,46.8243,47.0625,17223700
2015-02-11,46.8338,47.5294,46.7957,47.3388,13079476
2015-02-12,47.5866,48.6824,47.4246,48.4918,28926844
2015-02-13,48.6062,49.0588,48.4156,48.7872,17448490
2015-02-17,48.549,49.3589,48.5013,49.2541,14569354
2015-02-18,48.8825,49.2351,48.6824,48.9968,17666811
2015-02-19,48.8634,49.1112,48.6347,48.711,11272045
2015-02-20,48.6443,49.4637,47.9868,49.3399,19429401
2015-02-23,49.1017,49.1112,48.3584,48.9015,15282586
2015-02-24,48.9968,49.8354,48.9682,49.4542,20250876
2015-02-25,49.216,49.6543,49.1207,49.6353,10666008
2015-02-26,49.5781,50.0164,49.4637,49.9402,16358149
2015-02-27,49.8544,50.3785,49.7115,49.9497,18588446
2015-03-02,49.9592,50.9979,49.5971,50.9693,19384199
2015-03-03,51.3981,51.4553,50.9121,51.198,24281856
2015-03-04,50.9598,51.3218,50.7311,51.1408,14698051
2015-03-05,51.1789,51.198,50.6453,51.036,13853848
2015-03-06,51.217,51.4648,50.4357,50.5595,40296620
2015-03-09,50.388,50.6644,50.2832,50.4547,17542634
2015-03-10,49.6162,49.8354,48.8158,48.8158,29061253
2015-03-11,49.1874,50.2689,49.0921,49.864,32443600
2015-03-12,51.4553,52.1413,50.9312,51.5315,50191173
2015-03-13,51.36,51.6839,50.7454,51.0169,20780566
2015-03-16,51.2075,51.4934,50.8835,51.1599,17031579
2015-03-17,50.7025,51.4457,50.6501,51.3028,13902934
2015-03-18,50.9026,51.3981,50.6644,51.1884,18383718
2015-03-19,51.0455,51.0932,49.7401,49.9116,21150002
2015-03-20,49.9688,50.6644,49.9402,50.4833,22466236
2015-03-23,50.531,50.55,50.0069,50.0069,13148904
2015-03-24,49.883,49.9688,49.4923,49.4923,12887743
2015-03-25,49.5304,49.6543,48.9301,48.9587,15418182
2015-03-26,48.7777,49.035,48.0916,48.7777,21839614
2015-03-27,49.0635,49.0635,48.3298,48.5966,16052366
2015-03-30,48.9111,49.5495,48.892,49.2065,13289150
2015-03-31,48.8444,49.3256,48.7491,49.0921,13928941
2015-04-01,48.9492,49.4495,48.6062,49.1874,21577679
2015-04-02,49.2446,49.7591,49.1588,49.4161,13966921
2015-04-06,48.7491,49.5114,48.5776,49.1874,13250840
2015-04-07,49.3875,49.4828,48.9682,49.0921,11562697
2015-04-08,49.2351,49.7591,49.1969,49.4447,11773034
2015-04-09,49.2922,49.7448,49.2541,49.6734,13591430
2015-04-10,49.6257,50.1975,49.5304,49.9592,13032016
2015-04-13,50.0069,50.4547,49.9402,50.1784,11984406
2015-04-14,50.4357,50.5024,49.9116,50.2451,13259731
2015-04-15,50.4357,50.8645,50.2642,50.7025,19041097
2015-04-16,51.4362,51.8936,51.2647,51.4743,38345622
2015-04-17,50.9883,51.5505,50.4547,50.5691,23286981
2015-04-20,50.7882,51.0455,50.5881,50.693,14729995
2015-04-21,50.8359,50.9407,49.7877,50.0069,19554373
2015-04-22,50.045,50.8645,49.883,50.5977,14873394
2015-04-23,50.5119,50.8835,50.3308,50.712,13049573
2015-04-24,50.6548,50.712,50.3594,50.4071,10150537
2015-04-27,50.388,50.874,50.2927,50.3118,15613029
2015-04-28,50.1879,50.5977,49.7877,50.5214,14134525
2015-04-29,50.1689,51.4458,50.1308,51.2266,22542387
2015-04-30,51.217,51.4267,50.4261,50.8073,19420556
2015-05-01,51.1122,51.3028,50.7978,51.2266,13148680
2015-05-04,51.3123,51.703,51.2075,51.6172,15670096
2015-05-05,51.4457,51.7411,50.7406,50.8359,20669083
2015-05-06,51.036,51.36,49.883,50.3309,19414806
2015-05-07,50.1592,50.9699,49.9875,50.8459,14954178
2015-05-08,51.0748,51.6089,50.8364,51.5231,17333515
2015-05-11,51.4277,51.6566,51.3133,51.4754,13896756
2015-05-12,51.1893,51.4849,50.7696,51.256,13336881
2015-05-13,51.237,51.8474,51.0081,51.6948,15810396
2015-05-14,51.9142,52.2003,51.8188,52.0763,14250782
2015-05-15,52.0668,52.0858,51.5326,51.7329,10378117
2015-05-18,51.6852,52.3577,51.6662,52.1431,11717553
2015-05-19,52.2575,52.8107,52.2194,52.7726,18207423
2015-05-20,52.7153,52.7439,52.2146,52.3529,13955559
2015-05-21,52.1621,52.5532,52.0858,52.3052,11799919
2015-05-22,52.248,52.7726,52.1526,52.4292,12652016
2015-05-26,52.2194,52.3039,51.5136,51.7329,16564517
2015-05-27,51.8283,52.4387,51.6948,52.3338,13699424
2015-05-28,52.2861,52.2861,51.7139,52.0286,13381912
2015-05-29,51.9428,51.9714,51.38,51.5803,13841381
2015-06-01,52.1526,52.5007,51.9237,51.9332,18156312
2015-06-02,51.8855,52.4769,51.628,52.1907,17765569
2015-06-03,52.496,53.4307,52.4673,53.0587,21240463
2015-06-04,52.887,53.4116,52.6104,52.7726,18517634
2015-06-05,53.4307,53.9647,53.259,53.6405,26500448
2015-06-08,53.65,53.8885,53.0778,53.0778,14961647
2015-06-09,53.0015,53.7549,52.6676,53.4116,15193141
2015-06-10,53.6691,54.5657,53.5833,54.3844,21275642
2015-06-11,54.5561,54.8423,54.2986,54.5657,19187109
2015-06-12,54.3749,54.6038,54.0506,54.4703,13860635
2015-06-15,54.0029,54.3081,53.5165,54.0315,17698443
2015-06-16,53.9076,54.4894,53.7502,54.4321,13563808
2015-06-17,54.4321,54.5084,53.774,53.9266,17801874
2015-06-18,54.0411,54.2509,53.3925,54.1365,18739307
2015-06-19,53.898,54.1841,53.5737,53.631,18840468
2015-06-22,54.2318,54.5657,54.1365,54.3177,13011615
2015-06-23,54.6324,54.9748,54.4798,54.7373,16216064
2015-06-24,54.0411,54.3558,53.8885,54.0411,19235533
2015-06-25,54.3558,54.4226,53.5833,53.5928,12176170
2015-06-26,53.8599,54.0315,53.507,53.7359,12148270
2015-06-29,52.496,53.0491,52.3147,52.3434,22260419
2015-06-30,52.9538,53.1064,52.2718,52.6867,17737444
2015-07-01,53.4211,53.4211,52.6819,53.1064,17606104
2015-07-02,52.8679,53.2685,52.5246,52.8107,12062781
2015-07-06,52.2575,52.6963,51.9809,52.5341,12706190
2015-07-07,52.4292,52.5055,50.5789,51.9809,32011242
2015-07-08,51.3228,51.3228,50.3309,50.3595,26169423
2015-07-09,51.3514,51.6471,51.1225,51.2274,23540424
2015-07-10,52.0286,52.2575,51.2274,52.0381,16578662
2015-07-13,52.496,53.1159,52.4912,52.9728,18803919
2015-07-14,52.8107,53.526,52.6867,53.3257,18174852
2015-07-15,53.6596,54.1651,53.3639,53.8503,20470527
2015-07-16,55.2238,55.9391,55.0425,55.8819,41084043
2015-07-17,55.8246,56.168,55.6434,56.0345,21055333
2015-07-20,56.2348,56.5591,55.92,56.1299,16016635
2015-07-21,56.0822,56.5686,56.0822,56.3683,21541708
2015-07-22,56.3874,57.7322,56.3015,57.551,30156194
2015-07-23,57.5033,58.1328,56.9692,57.1027,29432315
2015-07-24,56.9406,57.0073,55.6339,55.9868,24760756
2015-07-27,55.2238,55.6339,54.7755,55.281,20378381
2015-07-28,55.7483,55.796,55.1093,55.672,12566708
2015-07-29,55.8533,56.416,55.7293,56.1966,14460768
2015-07-30,56.063,56.3685,55.6478,56.2062,11202069
2015-07-31,56.1203,56.168,55.7193,55.8053,12529315
2015-08-03,55.958,56.0057,55.3184,55.7862,10508705
2015-08-04,55.7193,56.1966,55.643,55.8148,10984522
2015-08-05,56.2635,56.5594,55.9389,56.0725,10630976
2015-08-06,56.1489,56.2826,55.2707,55.4616,14707408
2015-08-07,55.538,55.9484,54.8316,55.2802,11933951
2015-08-10,55.6143,56.168,55.5666,56.0725,10812191
2015-08-11,55.3757,55.6048,54.6407,55.0225,18897619
2015-08-12,54.3543,54.6407,52.7983,54.3256,27569091
2015-08-13,54.4402,54.9843,53.9343,54.7266,15837852
2015-08-14,54.5834,55.0989,54.5834,54.9748,8864981
2015-08-17,54.5643,55.223,54.402,55.1466,11140334
2015-08-18,55.0511,55.2898,54.7934,54.9366,11593241
2015-08-19,54.5834,54.9079,53.9915,54.4116,17672524
2015-08-20,53.4856,53.7529,52.8174,52.8174,28455508
2015-08-21,51.9296,52.5501,51.1469,51.166,33437526
2015-08-24,46.8989,50.1445,44.9611,48.054,37766989
2015-08-25,50.3068,50.3546,47.6149,47.6149,27809203
2015-08-26,49.0754,50.0014,47.9681,49.9059,30721887
2015-08-27,50.7746,51.185,49.9727,51.0132,26467336
2015-08-28,50.6791,51.1306,50.4166,50.8605,17205353
2015-08-31,50.7173,51.2231,50.3259,51.0514,20629022
2015-09-01,50.0204,50.0204,48.0063,48.6268,28621585
2015-09-02,49.3809,49.6673,48.6745,49.4,17515830
2015-09-03,49.6004,50.3164,49.2472,49.4381,15708685
2015-09-04,48.8081,48.9704,47.844,48.2926,19054523
2015-09-08,49.0659,49.5241,48.7031,49.3045,17160164
2015-09-09,50.0204,50.2305,48.4263,48.5695,16930921
2015-09-10,48.264,49.1613,48.0063,48.7508,17467020
2015-09-11,48.6936,48.8272,48.3308,48.7795,12001784
2015-09-14,48.7604,48.8558,48.3786,48.6649,11426957
2015-09-15,48.8558,49.9154,48.7413,49.6386,17858941
2015-09-16,49.8868,50.3164,49.4381,50.2018,17369472
2015-09-17,50.2209,50.5932,49.0468,49.3045,24075192
2015-09-18,48.3976,48.5313,47.8344,48.0063,33404568
2015-09-21,48.5122,48.7795,48.0732,48.4072,14936595
2015-09-22,47.6817,48.159,47.5958,48.0922,19610639
2015-09-23,48.1113,48.3499,47.6817,47.844,13680224
2015-09-24,47.4049,47.4908,46.5362,46.8989,32241013
2015-09-25,47.8917,48.4167,47.6053,48.2545,22341773
2015-09-28,48.3308,48.3976,46.7271,46.8035,21919777
2015-09-29,46.8226,47.2044,46.2689,46.7748,16485029
2015-09-30,47.5481,47.5767,46.6794,47.3571,17628957
2015-10-01,47.1758,47.7294,46.9849,47.6244,16291039
2015-10-02,46.3071,47.6149,45.5434,47.6149,27320857
2015-10-05,48.1113,49.0038,48.054,48.8368,14881154
2015-10-06,48.7318,49.1613,48.5217,48.7413,12602145
2015-10-07,49.1422,49.4954,48.5791,48.9895,16606396
2015-10-08,48.7699,49.4859,48.4454,49.3045,16903001
2015-10-09,49.4668,49.6577,48.6172,49.0468,14341225
2015-10-12,49.0277,49.1518,48.5695,48.9513,11187038
2015-10-13,48.5408,49.3618,48.5217,48.8845,13337940
2015-10-14,48.7508,48.894,48.0922,48.4167,22288016
2015-10-15,49.4763,50.765,48.7986,50.5646,31023069
2015-10-16,50.9178,50.9369,50.178,50.2973,17569151
2015-10-19,49.9823,50.765,49.9536,50.4596,13616434
2015-10-20,50.4596,50.7841,50.2114,50.4405,11195808
2015-10-21,50.5837,50.7459,49.4381,49.4572,15829217
2015-10-22,49.8104,50.4643,49.7818,50.1255,22320467
2015-10-23,50.5932,51.2328,50.5455,51.2041,19927051
2015-10-26,50.8128,51.1564,50.3546,50.6982,14530672
2015-10-27,50.3164,50.5073,49.8677,50.2209,13232394
2015-10-28,50.4596,52.4642,50.3164,52.2446,23403941
2015-10-29,52.0727,52.6077,51.2319,51.2701,23153933
2015-10-30,51.3561,51.423,50.5726,50.8019,18430238
2015-11-02,51.0694,51.6427,50.9643,51.4325,11999672
2015-11-03,51.1745,51.9676,51.1363,51.7478,13518266
2015-11-04,51.9485,52.0727,51.2701,51.4325,16985181
2015-11-05,51.3847,51.9771,51.3561,51.7383,13632480
2015-11-06,53.2861,53.9454,53.0186,53.3817,21654380
2015-11-09,53.4294,53.6874,52.6173,53.2288,19921807
2015-11-10,53.0568,53.6683,52.5504,53.3148,17657433
2015-11-11,53.6205,53.6396,52.3402,52.4549,15834013
2015-11-12,52.0918,52.0918,51.0694,51.079,17734993
2015-11-13,50.8019,51.1889,50.3242,50.8019,16828803
2015-11-16,50.6013,51.2988,50.1522,51.2988,14896647
2015-11-17,51.4898,51.8051,50.8592,51.1077,14845282
2015-11-18,51.4516,52.5743,51.3656,52.5313,19100293
2015-11-19,52.4358,52.8323,52.302,52.6077,11997989
2015-11-20,52.9039,52.9039,52.1205,52.3115,14895981
2015-11-23,52.2351,52.3975,51.7383,51.8625,14547117
2015-11-24,51.4134,52.0822,51.3179,51.7669,12950895
2015-11-25,51.872,51.9102,51.3656,51.6714,9859420
2015-11-27,51.6523,51.9485,51.3274,51.7956,5483432
2015-11-30,51.9198,52.0345,51.5663,51.6809,14603058
2015-12-01,51.9771,52.4644,51.8348,52.4358,11856027
2015-12-02,52.5409,52.5695,51.6236,51.7287,15288831
2015-12-03,51.9962,52.1682,50.9739,51.1268,19749990
2015-12-04,51.2701,52.8657,51.1363,52.6364,21464081
2015-12-07,52.3307,52.4358,51.509,51.9771,15077326
2015-12-08,51.4421,51.6045,50.8115,51.0121,14785485
2015-12-09,50.6873,51.4134,49.9802,50.4579,19903691
2015-12-10,50.5344,50.8688,49.8465,50.3051,16333817
2015-12-11,49.6267,49.8847,48.4133,48.8337,24091180
2015-12-14,48.8623,49.426,48.2508,48.8241,21586764
2015-12-15,49.5407,50.4484,49.5407,50.1809,21642329
2015-12-16,50.6777,51.6045,49.9707,51.4994,26044762
2015-12-17,51.6045,51.786,50.3624,50.4866,17179578
2015-12-18,50.1235,50.3337,48.8814,48.9292,25509621
2015-12-21,49.4069,49.6025,48.805,49.4834,16928994
2015-12-22,49.6745,49.8082,49.1012,49.6936,13241343
2015-12-23,49.9707,50.2955,49.7605,50.286,14950224
2015-12-24,50.1426,50.6108,50.114,50.3624,4671254
2015-12-28,50.2286,50.2286,49.6458,50.0471,8761743
2015-12-29,50.4102,50.8497,50.3911,50.6204,10155134
2015-12-30,50.4866,50.5822,49.9229,49.9707,8763337
2015-12-31,49.7509,50.0567,49.4452,49.4452,11281771
2016-01-04,48.4897,48.9101,47.9546,48.8528,23440153
2016-01-05,49.2445,49.3114,48.1648,48.5948,17444931
2016-01-06,47.8686,48.3273,47.5438,47.8878,22501799
2016-01-07,46.8845,47.1807,45.3844,45.4418,37902922
2016-01-08,46.5597,46.5692,43.9799,44.0755,30642964
2016-01-11,44.4863,44.8972,43.8844,44.7634,26284598
2016-01-12,45.3797,45.3844,44.2092,44.7921,26309979
2016-01-13,45.2125,45.2411,42.9624,43.1773,27925821
2016-01-14,43.3971,43.7745,42.5802,43.3589,30129541
2016-01-15,40.6167,41.7441,39.9861,40.5785,52452566
2016-01-19,40.9415,41.1995,39.8045,40.0721,39032718
2016-01-20,38.7153,39.1978,37.6853,38.6867,49905431
2016-01-21,38.7058,39.5466,38.2471,38.3618,34976743
2016-01-22,39.2217,39.5084,39.002,39.2313,30187150
2016-01-25,38.9924,39.1357,37.693,37.7885,31924026
2016-01-26,37.8363,38.9733,37.7407,38.6962,23508444
2016-01-27,38.572,39.8332,38.4335,38.7535,28274754
2016-01-28,39.4136,39.5954,38.3326,38.6388,23212822
2016-01-29,39.031,40.7434,39.0118,40.7338,36107611
2016-02-01,40.5233,40.973,40.1789,40.6381,22860331
2016-02-02,40.045,40.045,38.5287,38.6675,31460917
2016-02-03,38.8875,38.9449,36.3869,38.6101,43680257
2016-02-04,38.3709,39.7676,38.3135,39.0214,26697302
2016-02-05,39.2414,39.6432,37.8352,38.1317,23599670
2016-02-08,37.4429,37.4812,35.5679,36.1706,35237112
2016-02-09,35.3288,36.4193,35.0896,35.8836,39767232
2016-02-10,36.8307,37.3951,35.7593,35.788,33390007
2016-02-11,34.4391,34.5922,33.0233,33.4633,48945575
2016-02-12,34.4678,36.228,34.42,35.9123,38120366
2016-02-16,36.9168,37.5195,36.6585,37.2038,31802539
2016-02-17,37.9882,38.5431,37.7873,38.0552,29133518
2016-02-18,38.1987,38.2561,36.9455,37.2325,24107698
2016-02-19,37.1368,37.3664,36.4098,37.2995,22425998
2016-02-22,37.95,38.237,37.596,37.8065,22028585
2016-02-23,37.4238,37.4908,36.3906,36.5628,26234192
2016-02-24,35.8167,36.5246,35.0226,36.4385,25912362
2016-02-25,36.5724,36.9694,36.3619,36.9455,19889500
2016-02-26,37.3664,38.2848,37.0794,37.7873,23757420
2016-02-29,37.7204,38.0695,37.1655,37.1655,22268655
2016-03-01,37.4525,39.4997,37.4047,39.4806,30606823
2016-03-02,39.4519,40.4181,39.3084,40.3894,26969814
2016-03-03,40.3129,41.0112,40.0737,40.973,21835234
2016-03-04,41.2026,41.7,40.6286,40.973,28071048
2016-03-07,40.5233,41.0686,40.2555,40.7625,22134577
2016-03-08,40.3224,40.4755,39.2127,39.2701,26265017
2016-03-09,39.5667,39.6337,38.8636,39.3658,18573924
2016-03-10,39.8059,40.3224,38.8492,39.5763,21139846
2016-03-11,40.4372,41.1452,39.9531,41.126,21069091
2016-03-14,40.8103,41.0495,40.3751,40.8199,15334780
2016-03-15,40.4277,40.7721,40.1502,40.7434,13784865
2016-03-16,40.3033,41.1834,39.7006,40.399,22981023
2016-03-17,40.1694,41.0638,39.5858,40.9921,24261033
2016-03-18,41.5469,42.0587,41.3747,41.6522,30801897
2016-03-21,41.5469,42.341,41.3747,41.7096,16226367
2016-03-22,41.3939,41.7383,41.0495,41.4991,14885079
2016-03-23,41.4034,41.6139,40.4468,40.5329,23989232
2016-03-24,39.9685,40.1215,39.251,40.1215,22723369
2016-03-28,40.2746,40.3511,39.8728,40.1024,13062449
2016-03-29,39.9685,39.9685,39.3562,39.9111,18160088
2016-03-30,40.1598,40.7434,40.0354,40.0641,14763199
2016-03-31,40.0163,40.5042,39.7867,39.9398,15661652
2016-04-01,39.7198,40.7481,39.5093,40.6286,17749477
2016-04-04,40.5233,40.8486,40.1598,40.2363,14377103
2016-04-05,39.6528,40.0833,39.3371,39.7102,17867796
2016-04-06,39.7293,40.0737,39.4041,40.045,16169856
2016-04-07,39.5093,39.6815,38.2178,38.524,22618041
2016-04-08,39.0884,39.4902,38.6196,38.7153,14676060
2016-04-11,38.9736,39.7102,38.9449,39.3371,21083686
2016-04-12,39.4902,40.1407,39.3371,40.0833,19888671
2016-04-13,40.7051,42.561,40.7051,42.3314,33135421
2016-04-14,42.2262,43.3263,42.1114,43.0297,26885108
2016-04-15,44.436,44.5412,42.6662,42.9723,39168642
2016-04-18,42.494,43.288,42.2931,43.1541,22929947
2016-04-19,43.4507,43.9385,43.2689,43.6516,18833250
2016-04-20,43.7568,44.723,43.7472,44.7134,21645718
2016-04-21,44.7613,44.9143,44.2255,44.5795,21538604
2016-04-22,44.6656,45.297,44.5986,44.9335,17425930
2016-04-25,44.6082,44.8952,44.1394,44.6656,13480511
2016-04-26,44.6847,45.1152,44.4073,45.0578,15573618
2016-04-27,44.8569,45.7657,44.7613,45.2778,19444742
2016-04-28,44.8086,45.5172,44.5787,44.7511,18399482
2016-04-29,44.55,44.8756,44.1095,44.3202,23922690
2016-05-02,44.5692,44.8469,43.9563,44.7032,13802510
2016-05-03,43.8318,43.8892,43.0752,43.6402,21186239
2016-05-04,42.9795,43.1135,42.2947,42.7688,24310510
2016-05-05,42.8837,43.171,42.2899,42.357,14912027
2016-05-06,41.9548,42.5389,41.8686,42.5294,17632453
2016-05-09,42.4336,42.7209,41.8015,42.0314,14251865
2016-05-10,42.4623,42.9986,42.2421,42.9412,13608893
2016-05-11,42.7688,43.4583,42.5772,42.5868,15997879
2016-05-12,42.9412,43.2572,41.9165,42.1367,15551517
2016-05-13,42.1176,42.6826,41.1791,41.2844,19433489
2016-05-16,41.2844,41.6579,41.1216,41.3227,17158384
2016-05-17,41.2461,42.0314,40.9971,41.8494,19942950
2016-05-18,41.8973,44.1818,41.8973,43.9275,37645212
2016-05-19,43.669,44.1095,42.74,43.1518,23036064
2016-05-20,43.4966,43.7647,42.8933,42.9986,19610197
2016-05-23,42.9507,43.2668,42.6826,43.1997,15050504
2016-05-24,43.5253,44.234,43.3912,43.918,18976539
2016-05-25,44.234,45.5843,44.234,44.9522,23976508
2016-05-26,45.048,45.1246,44.1191,44.1574,16956563
2016-05-27,44.2819,44.6937,44.1286,44.6075,13854489
2016-05-31,44.8948,44.9139,44.3489,44.5979,21404013
2016-06-01,44.0903,45.0001,43.5541,44.9522,17212523
2016-06-02,44.8756,45.0671,44.6266,44.981,15483762
2016-06-03,43.1997,43.669,42.3761,43.4679,36961501
2016-06-06,43.4679,44.301,43.2955,43.803,17321430
2016-06-07,44.0903,44.1478,43.5828,43.6115,12089832
2016-06-08,43.5541,43.9563,43.3769,43.6307,13147321
2016-06-09,43.2668,43.2955,42.7592,43.104,17068975
2016-06-10,42.3953,42.5198,41.8303,42.041,23071149
2016-06-13,41.3993,42.1942,41.3179,41.3323,20612145
2016-06-14,41.2174,41.6962,39.757,40.1831,27621252
2016-06-15,40.5087,41.0737,40.1917,40.231,21934233
2016-06-16,39.8479,40.3938,39.4074,40.3363,19904800
2016-06-17,40.6428,41.1168,40.3651,40.6811,25113413
2016-06-20,41.6196,42.1846,40.9684,40.9875,20243952
2016-06-21,41.3419,41.3802,40.6715,41.1025,14714924
2016-06-22,41.0546,41.5909,40.8295,40.8726,18087638
2016-06-23,41.6675,42.6156,41.6292,42.5772,25702960
2016-06-24,38.9094,39.6373,38.5551,38.5934,71849750
2016-06-27,37.9039,37.9614,36.6877,36.8505,53511902
2016-06-28,38.1242,38.9094,37.54,38.7275,38605629
2016-06-29,39.3978,40.4034,39.168,40.3363,34004075
2016-06-30,40.8726,40.9828,39.915,40.5949,34485440
2016-07-01,40.5087,40.8822,40.1927,40.3842,19399551
2016-07-05,39.6277,39.7426,38.7083,39.0531,25571075
2016-07-06,38.4498,39.3404,38.3348,39.3212,27713900
2016-07-07,39.5798,40.2789,39.35,39.5415,24585547
2016-07-08,40.0299,40.48,39.8623,40.2023,29468610
2016-07-11,40.5949,40.9397,40.4991,40.4991,19752639
2016-07-12,41.0067,41.6387,40.9492,41.6004,23803634
2016-07-13,41.4951,41.8303,41.1982,41.4951,20488172
2016-07-14,42.5006,42.8741,42.2516,42.5677,37093643
2016-07-15,43.0944,43.1231,41.9883,42.4527,29198761
2016-07-18,42.4049,42.9986,42.3666,42.6826,18683851
2016-07-19,42.3187,42.7975,42.1972,42.4719,15297288
2016-07-20,42.6443,42.8071,42.3283,42.5868,16547139
2016-07-21,42.6156,42.8072,42.2421,42.2612,15045567
2016-07-22,42.2325,42.4816,41.9739,42.424,12764241
2016-07-25,42.4336,42.4815,42.0537,42.175,14391439
2016-07-26,42.0697,42.3666,42.041,42.2804,16152511
2016-07-27,42.3283,42.8167,42.2612,42.4145,17814222
2016-07-28,42.2895,42.4529,41.982,42.3664,13239559
2016-07-29,42.1646,42.4433,42.0588,42.1069,13773743
2016-08-01,42.2126,42.3039,41.5591,41.7321,14794430
2016-08-02,41.5495,41.9339,40.8478,41.3188,20089133
2016-08-03,41.2611,42.2319,41.1938,42.1838,14708296
2016-08-04,42.0396,42.328,41.9627,42.1357,11747861
2016-08-05,42.895,43.9523,42.7797,43.9427,28566792
2016-08-08,44.0484,44.3655,43.712,44.1733,16861616
2016-08-09,44.1637,44.3175,43.8946,44.1157,12203839
2016-08-10,44.0195,44.1157,43.6255,43.6831,16566659
2016-08-11,43.7408,44.1253,43.5294,43.9523,14819381
2016-08-12,43.6447,43.8273,43.4621,43.8081,12472897
2016-08-15,44.0388,44.6923,44.0388,44.5866,12252683
2016-08-16,44.452,44.9711,44.3415,44.8077,15202061
2016-08-17,44.7019,44.9807,44.577,44.8173,17899305
2016-08-18,44.7596,44.8846,44.4136,44.6923,14190255
2016-08-19,44.5386,44.7788,44.231,44.7212,12207628
2016-08-22,44.6154,44.9326,44.452,44.8461,11007477
2016-08-23,45.0768,45.2315,44.7788,44.7788,13345548
2016-08-24,44.8173,45.2834,44.7308,44.8461,16054356
2016-08-25,44.7019,44.9999,44.6635,44.9038,16520236
2016-08-26,45.0095,45.4036,44.8846,45.2786,23338460
2016-08-29,45.3555,45.8361,45.2786,45.4228,16699972
2016-08-30,45.3843,46.0667,45.3843,46.0379,17519795
2016-08-31,46.0956,46.307,45.4132,45.8841,20826607
2016-09-01,45.961,46.1629,44.9422,45.5189,19403873
2016-09-02,45.6535,45.8553,45.1825,45.6631,16293784
2016-09-06,45.6631,45.7976,44.8365,45.4516,17649519
2016-09-07,45.1729,45.788,45.0383,45.6342,13610584
2016-09-08,45.615,46.2013,45.4805,45.9322,15856381
2016-09-09,46.0379,46.2974,45.3363,45.3363,20468110
2016-09-12,44.8269,46.0091,44.5289,45.9322,22074757
2016-09-13,45.0768,45.4516,44.7981,45.096,19885037
2016-09-14,45.0672,45.5958,44.8653,44.9326,19778442
2016-09-15,44.9326,45.4805,44.7788,45.2498,14205345
2016-09-16,44.7884,44.9711,44.4424,44.6058,24820832
2016-09-19,44.8077,45.3988,44.7019,44.7788,12759685
2016-09-20,45.2113,45.3555,44.6443,44.7308,13749411
2016-09-21,45.1729,45.442,44.4866,45.0768,16605155
2016-09-22,45.1633,45.4612,44.9326,45.2786,16247609
2016-09-23,45.1921,45.615,45.0143,45.3171,14793526
2016-09-26,44.7019,44.8173,44.0484,44.106,22646738
2016-09-27,43.7504,44.6731,43.4044,44.5674,16165734
2016-09-28,44.7692,45.0864,44.3079,45.0479,15871608
2016-09-29,44.9807,45.5573,43.6447,44.0195,28066787
2016-09-30,44.5289,45.6535,44.2694,45.394,25563084
2016-10-03,45.1921,45.4228,44.9614,45.2017,13819786
2016-10-04,45.269,46.5473,45.2498,45.8937,25541972
2016-10-05,46.1436,46.9798,46.1436,46.7587,18173364
2016-10-06,46.9318,47.1816,46.4896,47.1624,15721047
2016-10-07,47.0951,47.4844,46.7876,47.3643,16583991
2016-10-10,47.5373,48.0178,47.4508,47.6238,14022675
2016-10-11,47.3643,47.7199,46.7972,47.0855,16033289
2016-10-12,47.0663,47.3018,46.7684,46.8068,14407344
2016-10-13,46.0571,46.7876,45.6919,46.5857,22302168
2016-10-14,47.6718,48.0082,46.5089,46.7203,28291799
2016-10-17,46.7011,47.2297,46.5281,46.7107,16654956
2016-10-18,47.2681,47.3739,46.9125,47.0855,18159870
2016-10-19,47.2009,47.7775,47.124,47.5565,14663626
2016-10-20,47.5373,47.9602,47.297,47.6526,13522551
2016-10-21,47.1624,47.7047,47.0758,47.643,12728627
2016-10-24,47.8833,47.9409,47.5949,47.6526,10753462
2016-10-25,47.5661,47.8689,47.3835,47.6622,9790517
2016-10-26,47.3546,48.1139,47.297,48.0659,13960034
2016-10-27,48.3638,48.6329,47.9602,47.989,19181449
2016-10-28,48.037,48.1716,47.0471,47.6334,17780277
2016-10-31,47.8064,47.9217,47.2297,47.2393,15173447
2016-11-01,47.4796,47.7391,46.5185,47.0375,20691054
2016-11-02,46.7395,46.8308,46.2878,46.653,15824060
2016-11-03,46.7977,47.2412,46.3059,46.4698,16224279
2016-11-04,46.3927,47.058,45.9973,46.4505,14152548
2016-11-07,47.5016,48.0609,47.4534,48.0416,19357566
2016-11-08,47.6559,48.2393,47.2846,48.1284,17548250
2016-11-09,48.2827,50.0811,47.7041,49.7484,59210448
2016-11-10,50.192,52.2653,49.8931,51.6963,52067278
2016-11-11,50.8767,51.2624,49.7581,50.9442,41858608
2016-11-14,51.1467,52.9306,51.1081,52.7281,43113101
2016-11-15,52.0628,53.4899,51.7928,53.4706,33433808
2016-11-16,52.2749,53.0367,52.2749,52.6799,24200100
2016-11-17,52.651,53.9817,52.4196,53.4706,24579011
2016-11-18,53.4031,53.8466,53.0174,53.4803,24989950
2016-11-21,53.9624,53.9914,53.1669,53.5574,20410449
2016-11-22,53.6731,54.1457,53.4514,54.0974,21975907
2016-11-23,54.2903,54.8014,53.8178,54.6664,19913463
2016-11-25,54.5796,54.7725,54.1842,54.7532,11488291
2016-11-28,53.866,54.3377,53.4514,53.4899,23645006
2016-11-29,53.5189,53.9415,53.3453,53.5381,15725383
2016-11-30,54.2228,54.6953,54.0589,54.3771,24395062
2016-12-01,54.7435,55.515,54.5169,55.2257,27592511
2016-12-02,55.1582,55.1967,53.9335,54.0203,25110311
2016-12-05,54.5892,55.4764,54.5603,55.2353,24404549
2016-12-06,55.9103,56.0068,54.9653,55.8525,21487547
2016-12-07,55.8235,57.0482,55.8235,56.9518,30517614
2016-12-08,57.2796,58.6297,56.9373,58.0029,32535971
2016-12-09,57.8197,58.0704,57.1037,57.8968,22804941
2016-12-12,57.3279,57.9448,56.7686,57.4243,21829666
2016-12-13,57.5014,57.8293,56.6625,57.6557,22014524
2016-12-14,56.8553,58.6297,56.73,57.3279,31399364
2016-12-15,57.9547,58.4561,57.4339,58.08,22389343
2016-12-16,58.4272,58.4464,57.5063,57.6171,28405907
2016-12-19,57.3664,57.6461,56.8168,57.5304,17654398
2016-12-20,57.7811,58.6297,57.7811,58.6297,23439760
2016-12-21,58.5332,58.7357,58.0029,58.5815,15090176
2016-12-22,58.4947,58.755,58.2536,58.3307,14571095
2016-12-23,58.3693,58.8225,58.2247,58.8129,9313992
2016-12-27,58.8515,59.1118,58.6779,58.9093,9544019
2016-12-28,58.8225,59.0154,57.8389,57.8968,17127359
2016-12-29,57.8775,57.9763,56.5853,57.2604,17121238
2016-12-30,57.3761,57.6654,57.0771,57.3086,16588499
2017-01-03,58.5139,58.9093,57.6171,58.4272,18322398
2017-01-04,58.5236,59.43,58.4464,59.2179,16947520
2017-01-05,58.7936,59.2372,57.7714,58.1861,18317911
2017-01-06,58.5139,58.6682,57.9354,58.3886,16778439
2017-01-09,58.0029,58.4754,57.54,58.0704,14592998
2017-01-10,58.0511,58.6779,57.81,58.08,13483329
2017-01-11,57.5304,57.8582,57.1302,57.8197,20737634
2017-01-12,57.405,57.6845,56.6625,57.1157,22778873
2017-01-13,57.3279,58.1668,57.2604,57.5014,21045164
2017-01-17,56.9036,57.2025,55.9585,56.2961,25013769
2017-01-18,55.92,56.1996,55.0617,55.3414,29276183
2017-01-19,55.4764,55.5439,54.3771,54.6374,24932449
2017-01-20,54.9075,55.081,54.0299,54.1071,27722281
2017-01-23,54.1167,54.2807,53.4417,53.6924,23130215
2017-01-24,53.9624,55.11,53.6876,54.7146,18416436
2017-01-25,55.8332,55.8525,55.0617,55.6307,21492914
2017-01-26,55.5439,55.9055,55.0135,55.3125,20792703
2017-01-27,55.3414,55.3607,54.6953,55.0714,17067943
2017-01-30,54.4928,54.6567,53.7696,54.5892,17537643
2017-01-31,54.3192,54.9267,53.5912,53.8371,29221002
2017-02-01,54.6953,54.946,53.8853,54.0492,17441473
2017-02-02,53.6624,54.3587,53.411,54.1363,15586814
2017-02-03,55.1614,55.9689,54.7262,55.8577,21404139
2017-02-06,55.6159,56.4282,55.4515,55.7416,15680214
2017-02-07,56.0898,56.1574,55.1324,55.3064,13996938
2017-02-08,55.0453,55.0453,54.291,54.4651,18626642
2017-02-09,54.7842,55.6449,54.5134,55.3741,18054082
2017-02-10,55.9157,56.0414,55.2484,55.7319,14421653
2017-02-13,56.0801,57.4098,56.0801,57.0085,22779759
2017-02-14,57.0568,58.1293,56.8151,57.8595,22359291
2017-02-15,58.1786,58.8652,57.7338,58.5074,22423933
2017-02-16,58.3624,58.5074,57.7918,58.3914,15916578
2017-02-17,57.7338,58.1883,57.4436,58.1883,15120623
2017-02-21,58.3043,58.6912,58.2463,58.5558,15812721
2017-02-22,58.198,58.9426,58.0432,58.6235,16025724
2017-02-23,58.6428,58.8362,58.2463,58.6235,14624376
2017-02-24,57.9078,58.198,57.1632,57.5984,19900288
2017-02-27,57.5984,58.256,57.4532,58.0432,15711367
2017-02-28,57.7047,58.1109,57.521,57.8401,17237455
2017-03-01,59.1844,59.9,58.9909,59.5132,26421724
2017-03-02,59.6486,59.8323,58.5945,58.6331,17270346
2017-03-03,58.401,59.2327,58.343,58.9909,15188780
2017-03-06,58.7975,58.8749,58.2753,58.2947,14979380
2017-03-07,58.2076,58.7105,57.8063,58.5074,17297849
2017-03-08,59.5325,60.4706,59.049,59.0973,30723959
2017-03-09,59.3391,60.045,59.2134,59.5228,21429345
2017-03-10,59.9,59.987,58.9136,59.4648,17421872
2017-03-13,59.5132,59.7549,58.9716,59.5035,13481512
2017-03-14,59.3101,59.4455,58.8072,59.4165,11819667
2017-03-15,59.6679,59.7453,58.4639,58.8362,20086941
2017-03-16,59.0393,59.3874,58.7685,59.136,15198253
2017-03-17,59.1457,59.2521,58.2173,58.3817,32281850
2017-03-20,58.1206,58.3914,57.6274,57.6274,14813762
2017-03-21,58.1496,58.2173,56.0414,56.1284,34140442
2017-03-22,55.5192,56.4635,55.026,55.8673,25648496
2017-03-23,55.8577,56.8827,55.6352,56.1381,16916534
2017-03-24,56.4089,56.612,55.7078,56.1574,13504446
2017-03-27,54.9776,56.5249,54.6875,56.4089,17257171
2017-03-28,56.2735,57.6951,56.2058,57.463,15391117
2017-03-29,57.5694,57.9078,57.3179,57.434,13457439
2017-03-30,57.434,58.8226,57.405,58.5171,14886187
2017-03-31,58.3237,58.5171,57.8208,57.8498,14407879
2017-04-03,57.9562,58.1109,56.7183,57.7144,15460515
2017-04-04,57.3373,57.9755,57.2502,57.7144,9745614
2017-04-05,58.5074,59.0103,57.5694,57.6274,20295245
2017-04-06,57.4823,58.2463,57.0664,57.9175,13805963
2017-04-07,57.3759,57.9127,57.3083,57.4727,13447843
2017-04-10,57.405,57.9997,57.0375,57.3276,12096712
2017-04-11,56.7474,57.1052,56.1671,57.0858,15247753
2017-04-12,57.1439,57.1777,56.3509,56.583,15223437
2017-04-13,56.3799,57.7628,55.7803,56.1284,31784350
2017-04-17,56.4379,57.1148,56.0172,57.0471,14657279
2017-04-18,56.6506,56.9504,56.1574,56.4959,16890955
2017-04-19,56.9118,57.153,55.7029,55.8286,18104168
2017-04-20,56.2542,56.7183,55.6546,56.4862,17074763
2017-04-21,56.4572,56.5153,55.7319,55.819,15255858
2017-04-24,57.2309,57.7434,57.1245,57.4823,24400342
2017-04-25,58.1012,58.7879,58.0239,58.227,21593519
2017-04-26,58.0626,58.7008,57.9852,58.1206,16057953
2017-04-27,58.1594,58.1691,57.1412,57.5873,14025915
2017-04-28,57.5582,57.7618,57.2576,57.3255,11917075
2017-05-01,57.5873,58.236,57.3594,57.6551,12879412
2017-05-02,57.6454,57.9073,57.1412,57.8976,11471884
2017-05-03,57.6939,58.495,57.5,58.4115,12845294
2017-05-04,58.8575,59.0902,58.266,58.3824,14509792
2017-05-05,58.6539,58.7411,58.2757,58.4115,11484293
2017-05-08,58.3242,58.8866,58.2951,58.6636,8458260
2017-05-09,58.809,59.1872,58.2466,58.4018,13179898
2017-05-10,58.2757,58.7993,58.1788,58.5375,11607308
2017-05-11,58.4212,59.066,58.1012,58.8575,16314044
2017-05-12,58.5278,59.2454,58.3824,59.2163,15393168
2017-05-15,59.3617,59.8272,59.2357,59.5557,14838549
2017-05-16,59.6235,60.6804,59.5169,60.5932,21199543
2017-05-17,59.5363,60.0793,57.8588,58.1594,33251409
2017-05-18,57.9169,58.7605,57.3061,58.2563,25142234
2017-05-19,58.5763,59.8902,58.4115,59.2454,20266630
2017-05-22,59.546,59.6817,58.8769,59.2066,11744806
2017-05-23,59.2357,60.0696,58.8866,59.8368,12414299
2017-05-24,59.9629,60.5447,59.7884,60.3798,16133164
2017-05-25,60.3605,60.7871,59.9047,60.0696,13368607
2017-05-26,59.992,60.438,59.7787,60.1859,10850319
2017-05-30,59.9144,60.1828,59.6429,59.769,12603786
2017-05-31,59.7205,59.7302,58.0527,58.7024,23150518
2017-06-01,59.0417,59.2357,58.3387,59.226,13922397
2017-06-02,58.4987,59.7302,58.4696,59.2551,13643574
2017-06-05,59.1872,59.895,59.1096,59.3908,10024923
2017-06-06,58.8381,59.3132,58.6054,59.1581,10764340
2017-06-07,59.352,60.3362,59.2454,60.0017,16056133
2017-06-08,59.9629,61.8828,59.8465,61.2913,25925685
2017-06-09,61.9022,62.7749,61.5822,62.4937,31488777
2017-06-12,62.5519,63.4148,62.1252,62.3676,27444366
2017-06-13,62.9106,63.2791,62.3822,62.7264,18749028
2017-06-14,62.2997,62.9494,61.5725,62.7555,20791587
2017-06-15,62.3579,62.9688,61.9992,62.1543,15111533
2017-06-16,62.2125,62.2804,61.7761,61.9507,19549889
2017-06-19,62.4452,62.9203,62.3046,62.5228,13264757
2017-06-20,62.3579,62.4646,61.9701,61.9701,12162785
2017-06-21,61.941,62.3094,61.6695,61.8925,13532830
2017-06-22,61.6889,61.9701,61.4174,61.6889,11344707
2017-06-23,62.1058,62.2319,61.2428,61.4852,16395259
2017-06-26,61.621,62.1737,61.2865,61.844,14977979
2017-06-27,62.2901,62.8912,62.067,62.2804,16416330
2017-06-28,63.027,63.3761,62.5616,63.2015,24015244
2017-06-29,65.5965,65.6935,64.2488,64.9469,40827165
2017-06-30,65.5093,65.5384,64.6948,64.8499,15832322
2017-07-03,65.199,66.8183,65.199,66.188,16488776
2017-07-05,66.2559,66.6438,65.8874,66.3723,17783139
2017-07-06,66.3723,66.6729,65.5191,65.5772,17960745
2017-07-07,65.965,66.2268,65.3881,65.8487,14735303
2017-07-10,65.6353,65.9747,65.3929,65.5965,12613789
2017-07-11,65.4511,65.519,64.5784,64.7917,17134576
2017-07-12,64.7336,65.1602,64.5202,64.8887,16881747
2017-07-13,65.1117,65.2475,64.6657,64.9857,20151962
2017-07-14,64.3069,64.8984,63.5312,64.6948,20742307
2017-07-17,64.7336,65.0632,64.4039,64.8014,17497953
2017-07-18,64.4233,65.0632,64.21,64.8596,15965929
2017-07-19,65.1117,65.3153,64.4815,64.6754,12687313
2017-07-20,64.5978,65.0051,64.3166,64.3457,14027609
2017-07-21,64.0936,64.4233,63.89,63.9966,14075511
2017-07-24,63.9191,64.4136,63.9094,64.0936,14848396
2017-07-25,65.868,66.3432,65.7517,65.965,30833581
2017-07-26,66.3917,66.7504,65.7323,65.9165,19228529
2017-07-27,65.9359,66.6296,65.3153,65.5481,22650180
2017-07-28,65.3735,65.7129,64.9663,65.3832,13604466
2017-07-31,65.8099,66.5662,65.4705,66.3723,23059294
2017-08-01,66.9928,67.5067,66.6632,67.4874,22974747
2017-08-02,67.4583,67.5358,66.731,67.3128,19095587
2017-08-03,67.1472,67.4103,66.251,66.3679,20937926
2017-08-04,67.0109,67.6148,66.9329,67.1959,18148439
2017-08-07,67.3421,67.4687,66.9183,67.2544,12961055
2017-08-08,67.2154,68.0532,67.0401,67.0985,16645925
2017-08-09,66.3582,66.7089,66.1634,66.6602,19195725
2017-08-10,66.2413,66.3679,65.4133,65.4815,19147240
2017-08-11,65.3353,65.725,64.8678,65.0723,15172831
2017-08-14,65.8614,66.3679,65.6666,66.1341,15120179
2017-08-15,66.8063,67.1765,66.1244,66.2121,15471998
2017-08-16,66.3874,66.6017,65.6471,65.9588,15064540
2017-08-17,65.5691,65.9003,64.7898,64.8775,14487868
2017-08-18,64.6729,65.613,64.4684,64.858,13628933
2017-08-21,64.858,65.0528,64.1566,64.2443,15791091
2017-08-22,64.5755,65.199,64.5366,65.121,13246992
2017-08-23,64.4976,65.8224,64.4976,65.4912,10031623
2017-08-24,65.7055,66.1536,65.2184,65.9393,11524823
2017-08-25,66.0465,66.4751,65.9588,66.0952,11883138
2017-08-28,66.3192,66.4166,65.686,66.0562,10797585
2017-08-29,64.9749,66.0172,64.7898,65.7347,12447985
2017-08-30,65.9491,66.6212,65.9393,66.251,9152007
2017-08-31,66.3874,66.5238,65.9929,66.2705,12439281
2017-09-01,66.3484,67.24,66.2218,66.8063,10720614
2017-09-05,66.0172,66.1877,65.0285,65.423,17666243
2017-09-06,65.7153,65.8516,65.121,65.5789,11849419
2017-09-07,65.6422,65.6909,63.9862,64.3515,20307814
2017-09-08,64.2638,65.1892,64.1674,64.4586,13437956
2017-09-11,65.0334,66.0367,64.6535,65.9588,17287005
2017-09-12,66.4556,67.4565,66.3387,67.0109,15495439
2017-09-13,66.9134,67.7317,66.6894,67.5953,17467281
2017-09-14,67.5564,67.946,67.42,67.4492,15022089
2017-09-15,67.3323,67.5807,67.1229,67.2544,18360910
2017-09-18,67.5856,69.0955,67.4784,68.774,18027783
2017-09-19,68.4818,69.8456,68.4818,69.3098,15466007
2017-09-20,69.5339,70.3327,68.9884,69.6118,19788127
2017-09-21,69.6021,70.2645,69.3098,69.904,11509157
2017-09-22,69.7482,69.7872,69.1734,69.5534,10446623
2017-09-25,69.3683,69.6605,68.5023,69.0078,10762772
2017-09-26,69.0176,69.3975,68.6864,69.1053,11553776
2017-09-27,70.3229,71.0828,70.0502,70.4106,18092199
2017-09-28,70.7321,70.9756,70.1573,70.771,13845943
2017-09-29,70.6736,71.0146,70.4885,70.8587,12777307
2017-10-02,71.1802,71.979,71.0243,71.8913,13386345
2017-10-03,72.0666,72.4563,71.94,72.2127,11925126
2017-10-04,72.2615,72.807,72.0179,72.1446,12904094
2017-10-05,72.1543,73.9662,71.94,73.7616,19701222
2017-10-06,73.8493,74.0539,73.1577,73.6837,16119873
2017-10-09,73.8688,73.9126,73.1479,73.4402,12830818
2017-10-10,73.4499,73.5863,72.6998,73.2356,13866584
2017-10-11,73.031,73.3817,72.729,73.0018,18597884
2017-10-12,73.859,74.1708,70.4033,70.4983,40166252
2017-10-13,70.2353,70.4648,69.076,70.245,30907260
2017-10-16,69.5339,70.7028,69.5241,69.9138,21169163
2017-10-17,70.3716,70.8392,70.1378,70.3229,15743771
2017-10-18,70.7808,71.4334,70.6736,71.2289,15126734
2017-10-19,70.4788,71.0535,69.8553,70.9951,12322700
2017-10-20,71.8523,71.9692,71.2872,71.6283,15634587
2017-10-23,71.5796,72.0959,71.5309,71.6283,10821466
2017-10-24,72.0471,72.8167,71.8231,72.3199,15260158
2017-10-25,72.5537,72.6998,71.3654,71.7159,14122521
2017-10-26,71.7549,72.3296,71.6924,71.8815,13213118
2017-10-27,71.5309,72.0666,71.1217,71.9595,11309869
2017-10-30,71.3165,71.9984,71.2873,71.8718,10556913
2017-10-31,71.9595,72.1738,71.3699,71.599,11733543
2017-11-01,72.0764,72.5927,71.901,72.1153,11361923
2017-11-02,72.0374,72.9141,71.4334,72.807,12997496
2017-11-03,72.6113,72.7777,72.2396,72.445,10692579
2017-11-06,71.995,72.4255,71.5841,72.2004,12636568
2017-11-07,72.1809,72.3961,70.7524,71.1341,17255669
2017-11-08,70.821,70.9971,69.9699,70.7721,18710614
2017-11-09,70.1655,71.183,69.9014,70.8601,15468706
2017-11-10,70.958,71.2808,70.5471,70.684,12853126
2017-11-13,70.1166,70.5862,69.9307,70.4297,13500569
2017-11-14,70.097,70.2487,69.5003,69.9796,13188856
2017-11-15,69.0894,70.5079,68.5024,70.1753,17541796
2017-11-16,70.5471,70.7524,69.9601,70.1166,12415631
2017-11-17,69.6177,70.2731,69.4024,69.784,11812986
2017-11-20,70.2144,70.733,69.7351,70.4884,10000030
2017-11-21,70.9286,71.0167,70.5666,70.8112,9632060
2017-11-22,70.8797,71.5645,70.6938,70.6938,9146179
2017-11-24,70.8406,70.9482,70.4297,70.459,4676099
2017-11-27,70.4297,70.7917,69.7595,69.8427,12615197
2017-11-28,69.8916,72.3961,69.5883,72.1026,18048317
2017-11-29,72.807,74.1278,72.445,73.4136,21876367
2017-11-30,74.0886,75.2228,73.5211,73.8636,23179633
2017-12-01,74.0691,74.5876,72.1809,73.8734,18269756
2017-12-04,75.3507,76.2311,74.9593,75.4289,23151442
2017-12-05,75.3115,75.605,74.5386,74.8811,16045934
2017-12-06,74.5876,74.8419,73.4625,73.8049,16612465
2017-12-07,72.7385,73.6875,72.6505,73.3549,19173389
2017-12-08,73.6875,74.0788,73.3402,74.0691,12460938
2017-12-11,73.9125,74.4799,73.893,74.206,10461659
2017-12-12,74.3919,75.1354,73.8875,74.4995,18381856
2017-12-13,74.3038,74.6609,73.4234,73.5114,20231575
2017-12-14,73.619,73.7956,72.1809,72.3178,24778469
2017-12-15,72.8853,73.5212,72.6603,73.1494,37121111
2017-12-18,73.756,74.3577,73.6386,74.0299,16449299
2017-12-19,74.2941,74.4995,73.032,73.0809,17655055
2017-12-20,73.7364,74.1229,72.9929,73.0418,17643967
2017-12-21,73.3549,74.431,73.3157,74.1767,14085694
2017-12-22,74.2256,74.343,73.4234,73.8538,12006574
2017-12-26,73.8147,74.0788,72.8021,73.1592,10882080
2017-12-27,73.0516,73.4527,72.9048,73.2668,10845092
2017-12-28,73.2864,73.5408,73.2179,73.4527,8759802
2017-12-29,73.5408,73.6582,72.7679,72.7972,10074857
